調理熟食,【分批取】美味堂黎麥毛豆130g,NT$98,https://shop.pxmart.com.tw/SalePage/Index/1602513,https://img.cdn.px.91app.tw/webapi/imagesV3/Cropped/SalePage/1602513/0/637944519600830000?v=1
調理熟食,【分批取】美味堂老重慶麻辣雙寶,NT$198,https://shop.pxmart.com.tw/SalePage/Index/1602516,https://img.cdn.px.91app.tw/webapi/imagesV3/Cropped/SalePage/1602516/0/637944520682300000?v=1
調理熟食,【分批取】黑胡椒毛豆莢/200g,NT$180,https://shop.pxmart.com.tw/SalePage/Index/1602515,https://img.cdn.px.91app.tw/webapi/imagesV3/Cropped/SalePage/1602515/0/637944520938630000?v=1
調理熟食,【分批取】芋頭炊粉湯1200g,NT$318,https://shop.pxmart.com.tw/SalePage/Index/1602501,https://img.cdn.px.91app.tw/webapi/imagesV3/Cropped/SalePage/1602501/0/637944519399070000?v=1
調理熟食,【分批取】上口美食酸辣湯 800g,NT$237,https://shop.pxmart.com.tw/SalePage/Index/1893631,https://img.cdn.px.91app.tw/webapi/imagesV3/Cropped/SalePage/1893631/0/637944519790930000?v=1
調理熟食,腐皮鮮芋捲 200g,NT$79,https://shop.pxmart.com.tw/SalePage/Index/2440583,https://img.cdn.px.91app.tw/webapi/imagesV3/Cropped/SalePage/2440583/0/637953131883500000?v=1
調理熟食,盒呷平安米糕 380g,NT$99,https://shop.pxmart.com.tw/SalePage/Index/2440129,https://img.cdn.px.91app.tw/webapi/imagesV3/Cropped/SalePage/2440129/0/637953129994570000?v=1
調理熟食,香芋水晶圓 400g,NT$99,https://shop.pxmart.com.tw/SalePage/Index/2439675,https://img.cdn.px.91app.tw/webapi/imagesV3/Cropped/SalePage/2439675/0/637953124409770000?v=1
調理熟食,芋香上上籤 240g,NT$99,https://shop.pxmart.com.tw/SalePage/Index/2439221,https://img.cdn.px.91app.tw/webapi/imagesV3/Cropped/SalePage/2439221/0/637953122700300000?v=1
調理熟食,川味口水雞 400g,NT$199,https://shop.pxmart.com.tw/SalePage/Index/2420542,https://img.cdn.px.91app.tw/webapi/imagesV3/Cropped/SalePage/2420542/0/637952735542200000?v=1
調理熟食,白玉獅子頭 800g,NT$189,https://shop.pxmart.com.tw/SalePage/Index/2419950,https://img.cdn.px.91app.tw/webapi/imagesV3/Cropped/SalePage/2419950/0/637952735534400000?v=1
調理熟食,早安夯烤地瓜 400g,NT$89,https://shop.pxmart.com.tw/SalePage/Index/2329564,https://img.cdn.px.91app.tw/webapi/imagesV3/Cropped/SalePage/2329564/0/637952727125800000?v=1
調理熟食,泰式打拋風味豬肉醬 250g,NT$109,https://shop.pxmart.com.tw/SalePage/Index/2327194,https://img.cdn.px.91app.tw/webapi/imagesV3/Cropped/SalePage/2327194/0/637952735195000000?v=1
調理熟食,麥立兒香菇雞湯 700g,NT$149,https://shop.pxmart.com.tw/SalePage/Index/2324255,https://img.cdn.px.91app.tw/webapi/imagesV3/Cropped/SalePage/2324255/0/637952730749930000?v=1
調理熟食,椰汁綠咖哩雞 300g,NT$99,https://shop.pxmart.com.tw/SalePage/Index/2321964,https://img.cdn.px.91app.tw/webapi/imagesV3/Cropped/SalePage/2321964/0/637952735210300000?v=1
調理熟食,經典麻醬涼麵 350g,NT$59,https://shop.pxmart.com.tw/SalePage/Index/2297142,https://img.cdn.px.91app.tw/webapi/imagesV3/Cropped/SalePage/2297142/0/637952727125100000?v=1
調理熟食,【預購】雙神農鹿茸桂丁雞湯 (約2000g/盒),NT$469,https://shop.pxmart.com.tw/SalePage/Index/2295101,https://img.cdn.px.91app.tw/webapi/imagesV3/Cropped/SalePage/2295101/0/637947079383000000?v=1
調理熟食,【分批取】美味堂黎麥毛豆130g,NT$98,https://shop.pxmart.com.tw/SalePage/Index/1602513,https://img.cdn.px.91app.tw/webapi/imagesV3/Cropped/SalePage/1602513/0/637944519600830000?v=1
調理熟食,【分批取】美味堂老重慶麻辣雙寶,NT$198,https://shop.pxmart.com.tw/SalePage/Index/1602516,https://img.cdn.px.91app.tw/webapi/imagesV3/Cropped/SalePage/1602516/0/637944520682300000?v=1
調理熟食,【分批取】黑胡椒毛豆莢/200g,NT$180,https://shop.pxmart.com.tw/SalePage/Index/1602515,https://img.cdn.px.91app.tw/webapi/imagesV3/Cropped/SalePage/1602515/0/637944520938630000?v=1
調理熟食,【分批取】芋頭炊粉湯1200g,NT$318,https://shop.pxmart.com.tw/SalePage/Index/1602501,https://img.cdn.px.91app.tw/webapi/imagesV3/Cropped/SalePage/1602501/0/637944519399070000?v=1
調理熟食,【分批取】上口美食酸辣湯 800g,NT$237,https://shop.pxmart.com.tw/SalePage/Index/1893631,https://img.cdn.px.91app.tw/webapi/imagesV3/Cropped/SalePage/1893631/0/637944519790930000?v=1
調理熟食,腐皮鮮芋捲 200g,NT$79,https://shop.pxmart.com.tw/SalePage/Index/2440583,https://img.cdn.px.91app.tw/webapi/imagesV3/Cropped/SalePage/2440583/0/637953131883500000?v=1
調理熟食,盒呷平安米糕 380g,NT$99,https://shop.pxmart.com.tw/SalePage/Index/2440129,https://img.cdn.px.91app.tw/webapi/imagesV3/Cropped/SalePage/2440129/0/637953129994570000?v=1
調理熟食,香芋水晶圓 400g,NT$99,https://shop.pxmart.com.tw/SalePage/Index/2439675,https://img.cdn.px.91app.tw/webapi/imagesV3/Cropped/SalePage/2439675/0/637953124409770000?v=1
調理熟食,芋香上上籤 240g,NT$99,https://shop.pxmart.com.tw/SalePage/Index/2439221,https://img.cdn.px.91app.tw/webapi/imagesV3/Cropped/SalePage/2439221/0/637953122700300000?v=1
調理熟食,川味口水雞 400g,NT$199,https://shop.pxmart.com.tw/SalePage/Index/2420542,https://img.cdn.px.91app.tw/webapi/imagesV3/Cropped/SalePage/2420542/0/637952735542200000?v=1
調理熟食,白玉獅子頭 800g,NT$189,https://shop.pxmart.com.tw/SalePage/Index/2419950,https://img.cdn.px.91app.tw/webapi/imagesV3/Cropped/SalePage/2419950/0/637952735534400000?v=1
調理熟食,早安夯烤地瓜 400g,NT$89,https://shop.pxmart.com.tw/SalePage/Index/2329564,https://img.cdn.px.91app.tw/webapi/imagesV3/Cropped/SalePage/2329564/0/637952727125800000?v=1
調理熟食,泰式打拋風味豬肉醬 250g,NT$109,https://shop.pxmart.com.tw/SalePage/Index/2327194,https://img.cdn.px.91app.tw/webapi/imagesV3/Cropped/SalePage/2327194/0/637952735195000000?v=1
調理熟食,麥立兒香菇雞湯 700g,NT$149,https://shop.pxmart.com.tw/SalePage/Index/2324255,https://img.cdn.px.91app.tw/webapi/imagesV3/Cropped/SalePage/2324255/0/637952730749930000?v=1
調理熟食,椰汁綠咖哩雞 300g,NT$99,https://shop.pxmart.com.tw/SalePage/Index/2321964,https://img.cdn.px.91app.tw/webapi/imagesV3/Cropped/SalePage/2321964/0/637952735210300000?v=1
調理熟食,經典麻醬涼麵 350g,NT$59,https://shop.pxmart.com.tw/SalePage/Index/2297142,https://img.cdn.px.91app.tw/webapi/imagesV3/Cropped/SalePage/2297142/0/637952727125100000?v=1
調理熟食,【預購】雙神農鹿茸桂丁雞湯 (約2000g/盒),NT$469,https://shop.pxmart.com.tw/SalePage/Index/2295101,https://img.cdn.px.91app.tw/webapi/imagesV3/Cropped/SalePage/2295101/0/637947079383000000?v=1
調理熟食,美味堂涼拌蜇絲 150g,NT$69,https://shop.pxmart.com.tw/SalePage/Index/2127488,https://img.cdn.px.91app.tw/webapi/imagesV3/Cropped/SalePage/2127488/0/637952720425800000?v=1
調理熟食,美味堂雞肉絲（川辣） 250g,NT$149,https://shop.pxmart.com.tw/SalePage/Index/2089752,https://img.cdn.px.91app.tw/webapi/imagesV3/Cropped/SalePage/2089752/0/637952720439500000?v=1
調理熟食,上口美食酸辣湯 800g,NT$89,https://shop.pxmart.com.tw/SalePage/Index/1898492,https://img.cdn.px.91app.tw/webapi/imagesV3/Cropped/SalePage/1898492/0/637952730752030000?v=1
調理熟食,霧峰香米飯 170g,NT$24,https://shop.pxmart.com.tw/SalePage/Index/1870773,https://img.cdn.px.91app.tw/webapi/imagesV3/Cropped/SalePage/1870773/0/637952735532370000?v=1
調理熟食,美味堂醋溜雲耳 130g,NT$69,https://shop.pxmart.com.tw/SalePage/Index/1849846,https://img.cdn.px.91app.tw/webapi/imagesV3/Cropped/SalePage/1849846/0/637952720453870000?v=1
調理熟食,麻婆豆腐 300g,NT$99,https://shop.pxmart.com.tw/SalePage/Index/1690344,https://img.cdn.px.91app.tw/webapi/imagesV3/Cropped/SalePage/1690344/0/637952735534000000?v=1
調理熟食,爭鮮什穀飯 170g,NT$29,https://shop.pxmart.com.tw/SalePage/Index/1595775,https://img.cdn.px.91app.tw/webapi/imagesV3/Cropped/SalePage/1595775/0/637952735530100000?v=1
調理熟食,美味堂爆汁豆干切 200g,NT$45,https://shop.pxmart.com.tw/SalePage/Index/1586908,https://img.cdn.px.91app.tw/webapi/imagesV3/Cropped/SalePage/1586908/0/637952720464300000?v=1
調理熟食,台畜青檸紅藜雞胸肉 100g,NT$59,https://shop.pxmart.com.tw/SalePage/Index/1527214,https://img.cdn.px.91app.tw/webapi/imagesV3/Cropped/SalePage/1527214/0/637952730777330000?v=1
調理熟食,美味堂秘滷牛腱心 375g,NT$259,https://shop.pxmart.com.tw/SalePage/Index/1458677,https://img.cdn.px.91app.tw/webapi/imagesV3/Cropped/SalePage/1458677/0/637952720453030000?v=1
調理熟食,麻油猴頭菇 800g,NT$169,https://shop.pxmart.com.tw/SalePage/Index/1451857,https://img.cdn.px.91app.tw/webapi/imagesV3/Cropped/SalePage/1451857/0/637952730589230000?v=1
調理熟食,溏心蛋（福記） 3入/290g,NT$65,https://shop.pxmart.com.tw/SalePage/Index/1448658,https://img.cdn.px.91app.tw/webapi/imagesV3/Cropped/SalePage/1448658/0/637952720252200000?v=1
調理熟食,美味堂雪菜百頁 130g,NT$55,https://shop.pxmart.com.tw/SalePage/Index/1448201,https://img.cdn.px.91app.tw/webapi/imagesV3/Cropped/SalePage/1448201/0/637952720448830000?v=1
調理熟食,美味堂大千六一絲 130g,NT$49,https://shop.pxmart.com.tw/SalePage/Index/1447744,https://img.cdn.px.91app.tw/webapi/imagesV3/Cropped/SalePage/1447744/0/637952720456030000?v=1
調理熟食,芋頭炊粉湯 1200g,NT$179,https://shop.pxmart.com.tw/SalePage/Index/1425385,https://img.cdn.px.91app.tw/webapi/imagesV3/Cropped/SalePage/1425385/0/637953134576730000?v=1
調理熟食,麻辣鴨血 800g,NT$99,https://shop.pxmart.com.tw/SalePage/Index/1403513,https://img.cdn.px.91app.tw/webapi/imagesV3/Cropped/SalePage/1403513/0/637952730587300000?v=1
調理熟食,美味堂帶骨豬腳切塊 420g,NT$105,https://shop.pxmart.com.tw/SalePage/Index/1403480,https://img.cdn.px.91app.tw/webapi/imagesV3/Cropped/SalePage/1403480/0/637952735541470000?v=1
調理熟食,海鮮翅煲（饗城） 800g,NT$109,https://shop.pxmart.com.tw/SalePage/Index/1403479,https://img.cdn.px.91app.tw/webapi/imagesV3/Cropped/SalePage/1403479/0/637952730763630000?v=1
調理熟食,美味堂黎麥毛豆 130g,NT$55,https://shop.pxmart.com.tw/SalePage/Index/1402245,https://img.cdn.px.91app.tw/webapi/imagesV3/Cropped/SalePage/1402245/0/637952730780600000?v=1
調理熟食,捏捏蛋沙拉 125g,NT$55,https://shop.pxmart.com.tw/SalePage/Index/1402242,https://img.cdn.px.91app.tw/webapi/imagesV3/Cropped/SalePage/1402242/0/637952720447600000?v=1
調理熟食,阿薩姆茶葉蛋＿６入（福記） 6入/350g,NT$65,https://shop.pxmart.com.tw/SalePage/Index/1402241,https://img.cdn.px.91app.tw/webapi/imagesV3/Cropped/SalePage/1402241/0/637952730774500000?v=1
調理熟食,美味堂秘製雞胗 150g,NT$48,https://shop.pxmart.com.tw/SalePage/Index/1402227,https://img.cdn.px.91app.tw/webapi/imagesV3/Cropped/SalePage/1402227/0/637952720456330000?v=1
調理熟食,美味堂滷味拼盤 270g,NT$75,https://shop.pxmart.com.tw/SalePage/Index/1402226,https://img.cdn.px.91app.tw/webapi/imagesV3/Cropped/SalePage/1402226/0/637952720245400000?v=1
調理熟食,美味堂豬耳頭皮絲 130g,NT$55,https://shop.pxmart.com.tw/SalePage/Index/1402225,https://img.cdn.px.91app.tw/webapi/imagesV3/Cropped/SalePage/1402225/0/637952720425830000?v=1
調理熟食,美味堂金錢牛肚絲 100g,NT$69,https://shop.pxmart.com.tw/SalePage/Index/1402224,https://img.cdn.px.91app.tw/webapi/imagesV3/Cropped/SalePage/1402224/0/637952720440300000?v=1
調理熟食,黑胡椒毛豆莢 200g,NT$39,https://shop.pxmart.com.tw/SalePage/Index/1402223,https://img.cdn.px.91app.tw/webapi/imagesV3/Cropped/SalePage/1402223/0/637952730757730000?v=1
調理熟食,油雞胸（產銷履歷） 2入/460g,NT$139,https://shop.pxmart.com.tw/SalePage/Index/1402222,https://img.cdn.px.91app.tw/webapi/imagesV3/Cropped/SalePage/1402222/0/637952720454800000?v=1
調理熟食,雅口天香麻辣豆腐 400g,NT$69,https://shop.pxmart.com.tw/SalePage/Index/1401629,https://img.cdn.px.91app.tw/webapi/imagesV3/Cropped/SalePage/1401629/0/637952735546700000?v=1
調理熟食,老重慶麻辣雙寶 800g,NT$119,https://shop.pxmart.com.tw/SalePage/Index/1401628,https://img.cdn.px.91app.tw/webapi/imagesV3/Cropped/SalePage/1401628/0/637952730757770000?v=1
調理熟食,日式咖哩沙拉胸 115g,NT$59,https://shop.pxmart.com.tw/SalePage/Index/1401625,https://img.cdn.px.91app.tw/webapi/imagesV3/Cropped/SalePage/1401625/0/637952720247230000?v=1
調理熟食,蒜蒜雞湯 1000g,NT$189,https://shop.pxmart.com.tw/SalePage/Index/1401624,https://img.cdn.px.91app.tw/webapi/imagesV3/Cropped/SalePage/1401624/0/637952730760270000?v=1
調理熟食,饗城鹿茸烏骨雞 2200g,NT$299,https://shop.pxmart.com.tw/SalePage/Index/1401623,https://img.cdn.px.91app.tw/webapi/imagesV3/Cropped/SalePage/1401623/0/637952730761530000?v=1
調理熟食,四神湯 1000g,NT$119,https://shop.pxmart.com.tw/SalePage/Index/1401622,https://img.cdn.px.91app.tw/webapi/imagesV3/Cropped/SalePage/1401622/0/637952730769200000?v=1
